<?xml version="1.0"?>
<jclic nom="Aplicacions jclic">
	<joc>
	    <identificador>3677</identificador>
	    <nom>Aprendo a comunicarme eficazmente</nom>
	    <dataPublicacio>31/03/11</dataPublicacio>
	    <llengua>
	        <nom>es</nom>
	    </llengua>
	    <nivellJoc>
	        <nom>ei</nom>
	    </nivellJoc>
	    <area>
	        <nom>lleng</nom>
	    </area>
	    <ruta>http://clic.xtec.cat/db/act_ca.jsp?id=3677</ruta>
	    <clic>http://clic.xtec.cat/projects/comunic2/jclic/comunic2.jclic.zip</clic>
	    <img>http://clic.xtec.cat/gifs/comunic2.gif</img>
	    <centre>EOEP de Castuera
	Castuera - Badajoz (Extremadura)
	</centre>
	    <autors>Francisca Escobero Ferreira</autors>
	</joc>
	<joc>
	    <identificador>3675</identificador>
	    <nom>És la teva Terra, estima-la</nom>
	    <dataPublicacio>30/03/11</dataPublicacio>
	    <llengua>
	        <nom>ca</nom>
	    </llengua>
	    <nivellJoc>
	        <nom>ei</nom>
	        <nom>ep</nom>
	    </nivellJoc>
	    <area>
	        <nom>exp</nom>
	    </area>
	    <ruta>http://clic.xtec.cat/db/act_ca.jsp?id=3675</ruta>
	    <clic>http://clic.xtec.cat/projects/recicla4/jclic/recicla4.jclic.zip</clic>
	    <img>http://clic.xtec.cat/gifs/recicla4.jpg</img>
	    <centre>C Escola Pia de Granollers
	Granollers (Vallès Oriental)
	</centre>
	    <autors>Pau Córdoba </autors>
	</joc>
	<joc>
	    <identificador>3673</identificador>
	    <nom>Bim, bam, bum... Música</nom>
	    <dataPublicacio>18/03/11</dataPublicacio>
	    <llengua>
	        <nom>ca</nom>
	    </llengua>
	    <nivellJoc>
	        <nom>ei</nom>
	    </nivellJoc>
	    <area>
	        <nom>mus</nom>
	    </area>
	    <ruta>http://clic.xtec.cat/db/act_ca.jsp?id=3673</ruta>
	    <clic>http://clic.xtec.cat/projects/bim_bam/jclic/bim_bam.jclic.zip</clic>
	    <img>http://clic.xtec.cat/gifs/bim_bam.gif</img>
	    <centre>ESC Poble Nou
	Pineda de Mar (Maresme)
	</centre>
	    <autors>Cristina García Cano </autors>
	</joc>
	<joc>
	    <identificador>3670</identificador>
	    <nom>Quin temps fa?</nom>
	    <dataPublicacio>16/03/11</dataPublicacio>
	    <llengua>
	        <nom>ca</nom>
	    </llengua>
	    <nivellJoc>
	        <nom>ei</nom>
	    </nivellJoc>
	    <area>
	        <nom>exp</nom>
	        <nom>lleng</nom>
	    </area>
	    <ruta>http://clic.xtec.cat/db/act_ca.jsp?id=3670</ruta>
	    <clic>http://clic.xtec.cat/projects/q_temps/jclic/q_temps.jclic.zip</clic>
	    <img>http://clic.xtec.cat/gifs/q_temps.jpg</img>
	    <centre>ESC El Tormo - Zer Ribera d`Ebre Nord
	La Torre de l`Espanyol (Ribera d`Ebre)
	</centre>
	    <autors>Ruth Serra Molins </autors>
	</joc>
	<joc>
	    <identificador>3665</identificador>
	    <nom>Aprendre anglès</nom>
	    <dataPublicacio>07/02/11</dataPublicacio>
	    <llengua>
	        <nom>en</nom>
	    </llengua>
	    <nivellJoc>
	        <nom>ep</nom>
	        <nom>eso</nom>
	    </nivellJoc>
	    <area>
	        <nom>lleng</nom>
	    </area>
	    <ruta>http://clic.xtec.cat/db/act_ca.jsp?id=3665</ruta>
	    <clic>http://clic.xtec.cat/projects/a_angles/jclic/a_angles.jclic.zip</clic>
	    <img>http://clic.xtec.cat/gifs/a_angles.jpg</img>
	    <centre>IES Almenar
	Almenar (Segrià)
	</centre>
	    <autors>Quim Castellnou Mazarico </autors>
	</joc>	
	<joc>
	    <identificador>3656</identificador>
	    <nom>Tipos de alimentos</nom>
	    <dataPublicacio>14/01/11</dataPublicacio>
	    <llengua>
	        <nom>es</nom>
	    </llengua>
	    <nivellJoc>
	        <nom>ep</nom>
	    </nivellJoc>
	    <area>
	        <nom>exp</nom>
	    </area>
	    <ruta>http://clic.xtec.cat/db/act_ca.jsp?id=3656</ruta>
	    <clic>http://clic.xtec.cat/projects/taliment/jclic/taliment.jclic.zip</clic>
	    <img>http://clic.xtec.cat/gifs/taliment.jpg</img>
	    <centre>Colegio Antonio Machado
	Zaragoza (Aragón)
	</centre>
	    <autors>Mamen Sánchez-Migallón Egea </autors>
	</joc>
	<joc>
	    <identificador>3649</identificador>
	    <nom>El Nadal</nom>
	    <dataPublicacio>23/11/10</dataPublicacio>
	    <llengua>
	        <nom>ca</nom>
	    </llengua>
	    <nivellJoc>
	        <nom>ei</nom>
	    </nivellJoc>
	    <area>
	        <nom>lleng</nom>
	        <nom>soc</nom>
	    </area>
	    <ruta>http://clic.xtec.cat/db/act_ca.jsp?id=3649</ruta>
	    <clic>http://clic.xtec.cat/projects/elnadal/jclic/elnadal.jclic.zip</clic>
	    <img>http://clic.xtec.cat/gifs/elnadal.jpg</img>
	    <centre>C Sant Josep
	Tàrrega (Urgell)
	</centre>
	    <autors>Beatriu Foguet i Vidal </autors>
	</joc>
	<joc>
	    <identificador>3676</identificador>
	    <nom>Òssos i músculs</nom>
	    <dataPublicacio>31/03/11</dataPublicacio>
	    <llengua>
	        <nom>ca</nom>
	    </llengua>
	    <nivellJoc>
	        <nom>ep</nom>
	    </nivellJoc>
	    <area>
	        <nom>exp</nom>
	    </area>
	    <ruta>http://clic.xtec.cat/db/act_ca.jsp?id=3676</ruta>
	    <clic>http://clic.xtec.cat/projects/ossosmus/jclic/ossosmus.jclic.zip</clic>
	    <img>http://clic.xtec.cat/gifs/ossosmus.png</img>
	    <centre>CP Gabriel Comas i Ribas
	Esporles - Mallorca (Serra de Tramuntana)
	</centre>
	    <autors>Albert Mayans Garcia </autors>
	</joc>
	<joc>
	    <identificador>3674</identificador>
	    <nom>Egurra eta bere eratorriak</nom>
	    <dataPublicacio>24/03/11</dataPublicacio>
	    <llengua>
	        <nom>eu</nom>
	    </llengua>
	    <nivellJoc>
	        <nom>ba</nom>
	        <nom>eso</nom>
	    </nivellJoc>
	    <area>
	        <nom>tec</nom>
	    </area>
	    <ruta>http://clic.xtec.cat/db/act_ca.jsp?id=3674</ruta>
	    <clic>http://clic.xtec.cat/projects/egurra/jclic/egurra.jclic.zip</clic>
	    <img>http://clic.xtec.cat/gifs/egurra.jpg</img>
	    <centre>
	Baztan - Lekaroz (Navarra)
	</centre>
	    <autors>Orreaga Urroz Goicoechea </autors>
	</joc>
	<joc>
	    <identificador>3560</identificador>
	    <nom>Sumes i restes</nom>
	    <dataPublicacio>08/07/09</dataPublicacio>
	    <llengua>
	        <nom>ca</nom>
	    </llengua>
	    <nivellJoc>
	        <nom>ep</nom>
	    </nivellJoc>
	    <area>
	        <nom>mat</nom>
	    </area>
	    <ruta>http://clic.xtec.cat/db/act_ca.jsp?id=3560</ruta>
	    <clic>http://clic.xtec.cat/projects/sumesres/jclic/sumesres.jclic.zip</clic>
	    <img>http://clic.xtec.cat/gifs/sumesres.jpg</img>
	    <centre>IES Almenar
	Almenar (Segrià)
	</centre>
	    <autors>Antonio Díez Roma i Joan Carles Fiol Colomar </autors>
	</joc>
	<joc>
	    <identificador>3664</identificador>
	    <nom>PC - Persondatorer. Processor</nom>
	    <dataPublicacio>04/02/11</dataPublicacio>
	    <llengua>
	        <nom>sv</nom>
	    </llengua>
	    <nivellJoc>
	        <nom>ba</nom>
	        <nom>eso</nom>
	    </nivellJoc>
	    <area>
	        <nom>tec</nom>
	    </area>
	    <ruta>http://clic.xtec.cat/db/act_ca.jsp?id=3664</ruta>
	    <clic>http://clic.xtec.cat/projects/pcperson/jclic/pcperson.jclic.zip</clic>
	    <img>http://clic.xtec.cat/gifs/pcperson.png</img>
	    <centre>Cybergymnasiet Odenplan Campus
	Stockholm (Sweden)
	</centre>
	    <autors>Cristian D. Blendea </autors>
	</joc>
	<joc>
	    <identificador>3678</identificador>
	    <nom>Joguines</nom>
	    <dataPublicacio>01/04/11</dataPublicacio>
	    <llengua>
	        <nom>ca</nom>
	    </llengua>
	    <nivellJoc>
	        <nom>ei</nom>
	    </nivellJoc>
	    <area>
	        <nom>div</nom>
	    </area>
	    <ruta>http://clic.xtec.cat/db/act_ca.jsp?id=3678</ruta>
	    <clic>http://clic.xtec.cat/projects/joguine2/jclic/joguine2.jclic.zip</clic>
	    <img>http://clic.xtec.cat/gifs/joguine2.gif</img>
	    <centre>ESC La Florida
	Santa Perpètua de Mogoda (Vallès Occidental)
	</centre>
	    <autors>Esther Mayor Fontarnau </autors>
	</joc>
	<joc>
	    <identificador>3590</identificador>
	    <nom>Els instruments</nom>
	    <dataPublicacio>04/12/09</dataPublicacio>
	    <llengua>
	        <nom>ca</nom>
	    </llengua>
	    <nivellJoc>
	        <nom>ep</nom>
	    </nivellJoc>
	    <area>
	        <nom>mus</nom>
	    </area>
	    <ruta>http://clic.xtec.cat/db/act_ca.jsp?id=3590</ruta>
	    <clic>http://clic.xtec.cat/projects/instrume/jclic/instrume.jclic.zip</clic>
	    <img>http://clic.xtec.cat/gifs/instrume.jpg</img>
	    <centre>Tarragona</centre>
	    <autors>Alèxia Sánchez, Bea Hernández, Laura Martínez i Miriam Vinaixa </autors>
	</joc>
	<joc>
	    <identificador>3485</identificador>
	    <nom>La xocolata</nom>
	    <dataPublicacio>09/07/08</dataPublicacio>
	    <llengua>
	        <nom>ca</nom>
	    </llengua>
	    <nivellJoc>
	        <nom>ei</nom>
	    </nivellJoc>
	    <area>
	        <nom>div</nom>
	    </area>
	    <ruta>http://clic.xtec.cat/db/act_ca.jsp?id=3485</ruta>
	    <clic>http://clic.xtec.cat/projects/xocolata/jclic/xocolata.jclic.zip</clic>
	    <img>http://clic.xtec.cat/gifs/xocolata.jpg</img>
	    <centre>ESC La Florida
	Santa Perpètua de Mogoda (Vallès Occidental)
	</centre>
	    <autors>Maite Álvarez Leo </autors>
	</joc>
	<joc>
	    <identificador>3659</identificador>
	    <nom>Pirates</nom>
	    <dataPublicacio>21/01/11</dataPublicacio>
	    <llengua>
	        <nom>ca</nom>
	    </llengua>
	    <nivellJoc>
	        <nom>ei</nom>
	    </nivellJoc>
	    <area>
	        <nom>lleng</nom>
	    </area>
	    <ruta>http://clic.xtec.cat/db/act_ca.jsp?id=3659</ruta>
	    <clic>http://clic.xtec.cat/projects/pirates2/jclic/pirates2.jclic.zip</clic>
	    <img>http://clic.xtec.cat/gifs/pirates2.jpg</img>
	    <centre>ESC Enric Tatché i Pol
	Ripollet (Vallès Occidental)
	</centre>
	    <autors>Natàlia Berbel Martínez </autors>
	</joc>
	<joc>
	    <identificador>3669</identificador>
	    <nom>Past Simple and Present Perfect</nom>
	    <dataPublicacio>15/03/11</dataPublicacio>
	    <llengua>
	        <nom>en</nom>
	    </llengua>
	    <nivellJoc>
	        <nom>ba</nom>
	        <nom>eso</nom>
	    </nivellJoc>
	    <area>
	        <nom>lleng</nom>
	    </area>
	    <ruta>http://clic.xtec.cat/db/act_ca.jsp?id=3669</ruta>
	    <clic>http://clic.xtec.cat/projects/p_tenses/jclic/p_tenses.jclic.zip</clic>
	    <img>http://clic.xtec.cat/gifs/p_tenses.jpg</img>
	    <centre>Institut Aubenç
	Oliana (Alt Urgell)
	</centre>
	    <autors>Ester Estrada Coma </autors>
	</joc>
	<joc>
	    <identificador>3661</identificador>
	    <nom>La banda de música</nom>
	    <dataPublicacio>28/01/11</dataPublicacio>
	    <llengua>
	        <nom>ca</nom>
	    </llengua>
	    <nivellJoc>
	        <nom>ep</nom>
	        <nom>eso</nom>
	    </nivellJoc>
	    <area>
	        <nom>mus</nom>
	    </area>
	    <ruta>http://clic.xtec.cat/db/act_ca.jsp?id=3661</ruta>
	    <clic>http://clic.xtec.cat/projects/bmusica/jclic/bmusica.jclic.zip</clic>
	    <img>http://clic.xtec.cat/gifs/bmusica.jpg</img>
	    <centre>INS Ramon Berenguer IV
	Amposta (Montsià)
	</centre>
	    <autors>Carlos Royo Baiges i Roser Carceller Gallardo </autors>
	</joc>
	<joc>
	    <identificador>3658</identificador>
	    <nom>All about food</nom>
	    <dataPublicacio>18/01/11</dataPublicacio>
	    <llengua>
	        <nom>en</nom>
	    </llengua>
	    <nivellJoc>
	        <nom>ep</nom>
	    </nivellJoc>
	    <area>
	        <nom>lleng</nom>
	    </area>
	    <ruta>http://clic.xtec.cat/db/act_ca.jsp?id=3658</ruta>
	    <clic>http://clic.xtec.cat/projects/allfood/jclic/allfood.jclic.zip</clic>
	    <img>http://clic.xtec.cat/gifs/allfood.jpg</img>
	    <centre>CP San Bartolomé
	Marcilla (Navarra)
	</centre>
	    <autors>Elena García Martín </autors>
	</joc>
	<joc>
	    <identificador>3650</identificador>
	    <nom>Tot just comencem</nom>
	    <dataPublicacio>26/11/10</dataPublicacio>
	    <llengua>
	        <nom>ca</nom>
	    </llengua>
	    <nivellJoc>
	        <nom>ei</nom>
	    </nivellJoc>
	    <area>
	        <nom>div</nom>
	    </area>
	    <ruta>http://clic.xtec.cat/db/act_ca.jsp?id=3650</ruta>
	    <clic>http://clic.xtec.cat/projects/comencem/jclic/comencem.jclic.zip</clic>
	    <img>http://clic.xtec.cat/gifs/comencem.gif</img>
	    <centre>ESC Ardenya
	Sant Feliu de Guíxols (Baix Empordà)
	</centre>
	    <autors>Roser Soria Martín </autors>
	</joc>
	<joc>
	    <identificador>3666</identificador>
	    <nom>Opposites</nom>
	    <dataPublicacio>24/02/11</dataPublicacio>
	    <llengua>
	        <nom>en</nom>
	    </llengua>
	    <nivellJoc>
	        <nom>ep</nom>
	    </nivellJoc>
	    <area>
	        <nom>lleng</nom>
	    </area>
	    <ruta>http://clic.xtec.cat/db/act_ca.jsp?id=3666</ruta>
	    <clic>http://clic.xtec.cat/projects/opposites/jclic/opposites.jclic.zip</clic>
	    <img>http://clic.xtec.cat/gifs/opposites.jpg</img>
	    <centre>CEIP Santa Eulalia
	Segovia (Castilla y León)
	</centre>
	    <autors>Mª Isabel García Pérez </autors>
	</joc>
</jclic>